{
  "created": "2019-07-17T08:23:44.741359",
  "accuracy": 0.9506228625774383,
  "iters": 5
}