{
  "created": "2019-07-17T08:26:09.154619",
  "accuracy": 0.9952506503543338,
  "iters": 0
}